{"agent_positions": {"agent_33": [86.43734465142697, -0.77677539078035], "agent_43": [70.2576554944807, 40.10627458167077], "firefighter_top_0": [55.231177235843845, 28.027560510365618], "firefighter_top_1": [59.61487458060669, 26.672395976622656], "firefighter_brigade_0": [86.95114436640554, -0.004619743937454593], "agent_46": [42.872035787632505, 36.19761135129631], "agent_20": [70.00418571815993, 34.99949258111919], "agent_11": [60.48603077422559, 36.11195652127271], "agent_25": [58.75084116858425, 36.314745678446805], "agent_7": [45.20511337464819, 36.864893308406195], "agent_21": [42.15205378932674, 36.246446888051594], "agent_30": [40.19318248491367, 38.236755450709275], "agent_19": [35.91992011330535, 38.350855446498265], "agent_12": [29.526153369343866, 38.56744120982037], "agent_0": [-49.7560749712865, 45.55834665469715], "agent_1": [-10.686535798416566, 1.5637857265414923], "agent_2": [-23.52055825698988, 35.31981578164117], "agent_3": [-27.701131250742392, 39.19834965574765], "agent_4": [-5.000323113248732, -5.348744316647161], "agent_6": [-9.961890761527503, 0.5104175881407738], "agent_10": [-19.837582037848307, -1.3840977371564378], "agent_13": [-31.488562091766557, 46.55026217681168], "agent_14": [-10.720463792827802, 0.3378985674748703], "agent_15": [-14.420981608117057, 39.3225490468894], "agent_16": [-33.13750069407301, 46.44504973836044], "agent_17": [-20.9790224476018, 36.11692123077361], "agent_18": [-8.61905123109823, 0.2509885939903224], "agent_22": [-9.951756533158061, 1.3592775702570792], "agent_23": [-11.125098185360395, 0.9833178086883648], "agent_24": [-11.271161404034407, 28.27094784673751], "agent_26": [-10.48840520944485, 0.9474252844098909], "firefighter_bottom_0": [-12.255687026146248, 1.5826755613785317], "firefighter_bottom_1": [-8.110670564746478, 0.6526452699585231], "agent_45": [-18.815855818081474, 37.28068446975896], "agent_28": [-35.41014307625128, 37.01978907909338], "agent_35": [-25.25705705914549, 35.3384522339073], "agent_39": [-16.718783846303186, 38.29603390421807], "agent_37": [-25.9062998029697, 35.386623158979326], "agent_34": [-35.51984220064296, 36.06446778145755], "agent_40": [-34.97127335397942, 37.596230294058955]}, "current_time": 119.5, "agent_levels": {"agent_0": "-1", "agent_1": "-1", "agent_2": "-1", "agent_3": "-1", "agent_4": "-1", "agent_6": "-1", "agent_7": "0", "agent_10": "-1", "agent_11": "0", "agent_12": "0", "agent_13": "-1", "agent_14": "-1", "agent_15": "-1", "agent_16": "-1", "agent_17": "-1", "agent_18": "-1", "agent_19": "0", "agent_20": "0", "agent_21": "0", "agent_22": "-1", "agent_23": "-1", "agent_24": "-1", "agent_25": "0", "agent_26": "-1", "agent_28": "-1", "agent_30": "0", "agent_33": "0", "agent_34": "-1", "agent_35": "-1", "agent_37": "-1", "agent_39": "-1", "agent_40": "-1", "agent_43": "0", "agent_45": "-1", "agent_46": "0", "firefighter_top_0": "0", "firefighter_top_1": "0", "firefighter_bottom_0": "-1", "firefighter_bottom_1": "-1", "firefighter_brigade_0": "0"}, "blocked_exits": ["escalator_e_up", "escalator_d_down", "escalator_f_up"], "agent_roles": {"firefighter_top_0": "Fire Marshal", "firefighter_top_1": "Fire Marshal", "firefighter_bottom_0": "Fire Marshal", "firefighter_bottom_1": "Fire Marshal", "firefighter_brigade_0": "Fire Brigade Officer"}, "active_train_exits": []}